lme_id,lme_name,specieskey,species,first_year
14,Iberian Coastal,335PS,Cymadusa filosa,2023
14,Iberian Coastal,33BHV,Cyperus albostriatus,2026
14,Iberian Coastal,34TT2,Dentex canariensis,2024
14,Iberian Coastal,37M79,Dreissena polymorpha,2026
14,Iberian Coastal,3BBYV,Erysiphe corylacearum,2022
14,Iberian Coastal,3RHCG,Kyphosus vaigiensis,2025
14,Iberian Coastal,3Y9WY,Martesia striata,2024
14,Iberian Coastal,4343K,Micropogonias undulatus,2023
14,Iberian Coastal,4CYRR,Paraleucilla magna,2022
14,Iberian Coastal,4JNKC,Platorchestia platensis,2023
14,Iberian Coastal,4RJGP,Rapana venosa,2025
14,Iberian Coastal,53MVS,Syllis pectinans,2023
14,Iberian Coastal,53MXK,Syllis variegata,2023
14,Iberian Coastal,5BBTY,Vibrio cholerae,2025
14,Iberian Coastal,692KX,Botrylloides niger,2025
14,Iberian Coastal,6BBL4,Crassula helmsii,2022
14,Iberian Coastal,6DR54,Dyspanopeus sayi,2023
14,Iberian Coastal,6KN8X,Gobius couchi,2023
14,Iberian Coastal,6S4TM,Mytilopsis leucophaeata,2025
14,Iberian Coastal,784DH,Polycera hedgpethi,2023
14,Iberian Coastal,7CD62,Tintinnopsis mortensenii,2023
14,Iberian Coastal,BSN7,Alitta virens,2023
14,Iberian Coastal,BT776,Novafabricia infratorquata,2023
14,Iberian Coastal,JTCR,Aurelia coerulea,2026
14,Iberian Coastal,M8HK,Boccardia proboscidea,2023
14,Iberian Coastal,N6NM,Branchiomma bombyx,2023
14,Iberian Coastal,S2HLK,Phenacoccus peruvianus,2025
6,Celtic-Biscay Shelf,3BBYV,Erysiphe corylacearum,2025
6,Celtic-Biscay Shelf,3CW7J,Euplokamis dunlapae,2026
6,Celtic-Biscay Shelf,3GWWV,Gonionemus vertens,2022
6,Celtic-Biscay Shelf,3LGQ4,Hexaplex trunculus,2022
6,Celtic-Biscay Shelf,3W8FJ,Lovenella assimilis,2022
6,Celtic-Biscay Shelf,436DK,Microsetella rosea,2022
6,Celtic-Biscay Shelf,44JYJ,Mulinia lateralis,2024
6,Celtic-Biscay Shelf,4JNKC,Platorchestia platensis,2022
6,Celtic-Biscay Shelf,4M3GY,Potamocorbula amurensis,2024
6,Celtic-Biscay Shelf,4Q86S,Ptilohyale littoralis,2022
6,Celtic-Biscay Shelf,4XXZ6,Smittoidea prolifica,2023
6,Celtic-Biscay Shelf,4Y752,Solidago altissima,2023
6,Celtic-Biscay Shelf,5686V,Thelepus japonicus,2023
6,Celtic-Biscay Shelf,573ZX,Tintinnus lususundae,2025
6,Celtic-Biscay Shelf,5XRJN,Cheilopogon furcatus,2023
6,Celtic-Biscay Shelf,6L6WT,Gymnodinium fuscum,2024
6,Celtic-Biscay Shelf,6S7R2,Neomysis awatschensis,2025
6,Celtic-Biscay Shelf,73PRD,Monstrilla grandis,2025
6,Celtic-Biscay Shelf,75D5D,Ostrea chilensis,2023
6,Celtic-Biscay Shelf,7BYV5,Tiaropsis multicirrata,2026
6,Celtic-Biscay Shelf,7CD62,Tintinnopsis mortensenii,2023
6,Celtic-Biscay Shelf,7RH2P,Haloa japonica,2023
6,Celtic-Biscay Shelf,CJ94,Amathia verticillata,2022
6,Celtic-Biscay Shelf,CVNP3,Rhopalophthalmus tartessicus,2025
6,Celtic-Biscay Shelf,DCGG,Anadara kagoshimensis,2026
6,Celtic-Biscay Shelf,F6BN,Aoroides longimerus,2022
6,Celtic-Biscay Shelf,LR6NG,Antithamnion hubbsii,2024
6,Celtic-Biscay Shelf,MPMP,Botrylloides giganteus,2025
6,Celtic-Biscay Shelf,RX5Y,Caulibugula zanzibariensis,2022
6,Celtic-Biscay Shelf,TY3MX,Zygoceros rhombus,2023
13,Mediterranean Sea,32MSC,Cuthona perca,2025
13,Mediterranean Sea,358BW,Diadumene cincta,2024
13,Mediterranean Sea,3LY3S,Himantura leoparda,2025
13,Mediterranean Sea,3Q94P,Isognomon legumen,2023
13,Mediterranean Sea,48SD8,Odonus niger,2024
13,Mediterranean Sea,4F8NM,Perophora japonica,2022
13,Mediterranean Sea,4F8P4,Perophora viridis,2023
13,Mediterranean Sea,4K84R,Pleopis schmackeri,2024
13,Mediterranean Sea,4LQ6W,Pomacanthus semicirculatus,2024
13,Mediterranean Sea,4NT55,Pseudochama corbierei,2024
13,Mediterranean Sea,4NTMK,Pseudochromis persicus,2024
13,Mediterranean Sea,4Z7S8,Spirobranchus kraussii,2025
13,Mediterranean Sea,53R5M,Symplegma rubra,2022
13,Mediterranean Sea,5BK2W,Viriola bayani,2024
13,Mediterranean Sea,5VK6F,Antigonia capros,2022
13,Mediterranean Sea,5XJSM,Cephalothrix simula,2025
13,Mediterranean Sea,6BFYV,Crepipatella dilatata,2022
13,Mediterranean Sea,6HPBR,Fauveliopsis glabra,2022
13,Mediterranean Sea,6L9HM,Haliclona xena,2023
13,Mediterranean Sea,6MXFD,Isognomon australicus,2023
13,Mediterranean Sea,6P8HZ,Leonnates persicus,2024
13,Mediterranean Sea,6T53D,Oreochromis mossambicus,2026
13,Mediterranean Sea,6WYJ4,Saccostrea glomerata,2025
13,Mediterranean Sea,73FRT,Microcosmus exasperatus,2023
13,Mediterranean Sea,73RTX,Myrianida pachycera,2023
13,Mediterranean Sea,7B9P8,Synodus randalli,2023
13,Mediterranean Sea,7BY2H,Thuridilla mazda,2024
13,Mediterranean Sea,7SKCW,Oscilla virginiae,2022
13,Mediterranean Sea,7SMLG,Parthenina cossmanni,2022
13,Mediterranean Sea,GMX9,Ariopsis felis,2022
13,Mediterranean Sea,LBK7M,Agarophyton vermiculophyllum,2025
13,Mediterranean Sea,LWYX,Bispira polyomma,2026
13,Mediterranean Sea,M8HQ,Boccardia semibranchiata,2023
13,Mediterranean Sea,MDDF,Bolinopsis vitrea,2024
13,Mediterranean Sea,MZC3Q,Dasysiphonia sessilis,2024
13,Mediterranean Sea,NPTC,Bugulina simplex,2022
13,Mediterranean Sea,NTFJP,Galaxaura rugosa,2022
13,Mediterranean Sea,PKBBZ,Grateloupia turuturu,2022
13,Mediterranean Sea,Q3HV6,Lomentaria hakodatensis,2024
13,Mediterranean Sea,TRSJ,Cheilinus lunulatus,2022
13,Mediterranean Sea,YDCZ,Corella eumyota,2023
50,Faroe Plateau,39X2R,Ensis leei,2023
50,Faroe Plateau,3VNPR,Littorina littorea,2025
50,Faroe Plateau,558DV,Telmatogeton japonicus,2023
50,Faroe Plateau,BSN7,Alitta virens,2024
50,Faroe Plateau,DZZN,Anguilla anguilla,2022
50,Faroe Plateau,VFCZ,Ciona intestinalis,2023
53,Norwegian Sea,39X2R,Ensis leei,2023
53,Norwegian Sea,3F8M6,Gammarus tigrinus,2022
53,Norwegian Sea,3HP6K,Gymnammodytes semisquamatus,2023
53,Norwegian Sea,3QMZQ,Jassa marmorata,2025
53,Norwegian Sea,45GSC,Mytilus trossulus,2026
53,Norwegian Sea,4BW4L,Pacificincola perforata,2024
53,Norwegian Sea,4MMRP,Proceraea cornuta,2025
53,Norwegian Sea,694CM,Bugulina stolonifera,2025
53,Norwegian Sea,6BG8L,Crepidula fornicata,2022
53,Norwegian Sea,6HQV3,Fenestrulina delicia,2022
53,Norwegian Sea,6KXKC,Haliclystus salpinx,2022
53,Norwegian Sea,6RMT2,Mnemiopsis leidyi,2022
53,Norwegian Sea,6SRLS,Opuntia fragilis,2022
53,Norwegian Sea,6Y2ZQ,Savoryella lignicola,2023
53,Norwegian Sea,732CQ,Lulwoana uniseptata,2023
53,Norwegian Sea,CJ8B,Amathia imbricata,2024
53,Norwegian Sea,L4ZLV,Acrothrix gracilis,2023
53,Norwegian Sea,MLBPV,Cladosiphon zosterae,2022
53,Norwegian Sea,NPT7,Bugulina fulva,2024
53,Norwegian Sea,NPTC,Bugulina simplex,2024
53,Norwegian Sea,PKBBZ,Grateloupia turuturu,2026
53,Norwegian Sea,RCDCN,Perforatus perforatus,2023
53,Norwegian Sea,SDFHZ,Proboscia indica,2022
53,Norwegian Sea,T8WHD,Thalassiosira minima,2024
53,Norwegian Sea,TPL45,Tripos candelabrus,2025
3,North Sea,3GPR2,Gobius cruentatus,2023
3,North Sea,3NP5M,Hypereteone heteropoda,2022
3,North Sea,3YSD7,Megachile sculpturalis,2025
3,North Sea,47GW7,Nippoleucon hinumensis,2024
3,North Sea,4C8ZS,Pampus argenteus,2022
3,North Sea,5XR8H,Chelicorophium sowinskyi,2023
3,North Sea,5ZYZG,Corbicula largillierti,2024
3,North Sea,6BBR8,Craspedacusta sowerbii,2023
3,North Sea,6GBJQ,Ercolania viridis,2022
3,North Sea,6NDZQ,Jellyella tuberculata,2022
3,North Sea,6Y2ZQ,Savoryella lignicola,2024
3,North Sea,75NVF,Paracalanus indicus,2022
3,North Sea,7CSB6,Tridentiger trigonocephalus,2024
3,North Sea,8FTNM,Euryte minor,2022
3,North Sea,8G3C2,Anisakis pegreffii,2022
3,North Sea,D7HS,Ampithoe valida,2024
3,North Sea,F6BN,Aoroides longimerus,2023
3,North Sea,MDDG,Bolinus brandaris,2024
3,North Sea,PK9Z9,Grateloupia minima,2023
3,North Sea,QSDH,Caprella scaura,2022
3,North Sea,VJQXQ,Colaconema dasyae,2025
54,Barents Sea,36N6W,Diplosoma listerianum,2023
54,Barents Sea,39X2R,Ensis leei,2023
54,Barents Sea,3JCC7,Haliclona urceolus,2022
54,Barents Sea,3JDKR,Haligena elaterophora,2024
54,Barents Sea,3XGCW,Magallana gigas,2023
54,Barents Sea,4BQFN,Pachycerianthus multiplicatus,2025
54,Barents Sea,4QYBQ,Pyura tessellata,2023
54,Barents Sea,53WPL,Syngnathus rostellatus,2022
54,Barents Sea,55F29,Teredo navalis,2022
54,Barents Sea,64FSN,Acartia tonsa,2024
54,Barents Sea,64Z7N,Aequorea vitrina,2023
54,Barents Sea,676T9,Anomalocera patersonii,2022
54,Barents Sea,6BG8L,Crepidula fornicata,2022
54,Barents Sea,6KXKC,Haliclystus salpinx,2025
54,Barents Sea,6RMT2,Mnemiopsis leidyi,2022
54,Barents Sea,6Y2ZQ,Savoryella lignicola,2025
54,Barents Sea,6ZRWJ,Steromphala umbilicalis,2025
54,Barents Sea,8FTNM,Euryte minor,2022
54,Barents Sea,FP2K,Aplidium proliferum,2023
54,Barents Sea,K9JJ,Bacteriastrum hyalinum,2023
54,Barents Sea,LCHLX,Amphibalanus improvisus,2024
54,Barents Sea,N7CDK,Dictyocha octonaria,2024
54,Barents Sea,N7ZJR,Dictyota dichotoma,2023
54,Barents Sea,S4BRB,Punctaria tenuissima,2024
54,Barents Sea,S9XC,Centrolabrus exoletus,2025
54,Barents Sea,SBD5M,Pyropia leucosticta,2024
54,Barents Sea,SDFHZ,Proboscia indica,2022
54,Barents Sea,SH8FG,Rhizodomus tagatzi,2025
54,Barents Sea,SHNQF,Rhizosolenia calcar-avis,2022
54,Barents Sea,TB6S,Chaetoceros peruvianus,2025
54,Barents Sea,VV7W,Clavelina lepadiformis,2022
1,Baltic Sea,3BBYV,Erysiphe corylacearum,2024
1,Baltic Sea,45GDJ,Mytilicola orientalis,2024
1,Baltic Sea,4M3GY,Potamocorbula amurensis,2025
1,Baltic Sea,4N3MD,Proterorhinus nasalis,2023
1,Baltic Sea,4TMNJ,Ruditapes philippinarum,2026
1,Baltic Sea,57GVZ,Tortanus discaudatus,2023
1,Baltic Sea,5ZYZK,Corbicula fluminea,2025
1,Baltic Sea,5ZZF6,Corambe obscura,2025
1,Baltic Sea,6BN5F,Crystallogobius linearis,2024
1,Baltic Sea,6L9HM,Haliclona xena,2023
1,Baltic Sea,767GC,Pecten maximus,2024
1,Baltic Sea,JTCR,Aurelia coerulea,2026
1,Baltic Sea,LCHHJ,Amphibalanus amphitrite,2024
1,Baltic Sea,NFMRJ,Dinophysis caudata,2023
1,Baltic Sea,PQYN,Callinectes sapidus,2023
1,Baltic Sea,QZ24F,Odontella sinensis,2023
11,Black Sea,3BBYV,Erysiphe corylacearum,2024
11,Black Sea,45GCS,Mytilaster minimus,2024
11,Black Sea,6MJML,Hydroides dianthus,2022
11,Black Sea,767GC,Pecten maximus,2026
11,Black Sea,HRM8,Asterias rubens,2025
11,Black Sea,MRFGL,Colpomenia peregrina,2025
