lme_id,lme_name,specieskey,species_name,weighted_em_status,model,growth
1,Baltic Sea,59JTZ,Tubificoides heterochaetus,31.5,GAM,1.288319547516777
1,Baltic Sea,3VNQM,Littorina obtusata,31.5,GAM,1.2597048966674151
1,Baltic Sea,75CW4,Ostrea edulis,31.5,GAM,1.1940902421978183
1,Baltic Sea,LBG2M,Apedinella radians,31.5,GAM,1.1148112794667913
1,Baltic Sea,RWNKZ,Prorocentrum cordatum,31.5,GAM,1.0915517670143555
1,Baltic Sea,B29V,Agonus cataphractus,31.5,GAM,1.079549557408259
1,Baltic Sea,BSN6,Alitta succinea,31.5,GAM,1.0326708925927552
1,Baltic Sea,3KP8C,Hemigrapsus takanoi,28.5,GAM,
1,Baltic Sea,L26KD,Hemigrapsus sanguineus,24.5,decision rules,
1,Baltic Sea,7369N,Marenzelleria arctia,23,decision rules,
1,Baltic Sea,R48N,Carcinus maenas,22.5,GAM,0.9458240252370246
1,Baltic Sea,4RF6D,Rangia cuneata,22.5,GAM,0.9323515429279987
1,Baltic Sea,4L63D,Polydora cornuta,22.5,GAM,0.8555994595003521
1,Baltic Sea,3H7P6,Grandidierella japonica,22,decision rules,
1,Baltic Sea,3KQ9P,Hemimysis anomala,21,decision rules,
1,Baltic Sea,53ML9,Syllidia armata,20,decision rules,
1,Baltic Sea,52X2B,Streblospio benedicti,19.5,GAM,1.060644589154346
1,Baltic Sea,6YRDJ,Sinelobus vanhaareni,18,GAM,0.9792708952479264
1,Baltic Sea,PGMCT,Fucus serratus,18,GAM,0.7332211214927133
1,Baltic Sea,364SQ,Dikerogammarus villosus,15,decision rules,
1,Baltic Sea,7RH6D,Haminella solitaria,14,GAM,1.685783942135717
1,Baltic Sea,4D4F3,Paranais frici,11,GAM,0.983695598336807
1,Baltic Sea,6HVS2,Ficopomatus enigmaticus,10.5,GAM,0.9602300820933837
1,Baltic Sea,33HRJ,Cyprinus carpio,10.5,GAM,0.9344898588221009
1,Baltic Sea,44RHY,Mya arenaria,10.5,GAM,0.9221406230048443
1,Baltic Sea,7CXK2,Tubificoides benedii,10.5,GAM,0.9031691051656427
1,Baltic Sea,32WFN,Cyclopterus lumpus,10.5,GAM,0.8999730841998252
1,Baltic Sea,472YS,Nephtys ciliata,10.5,GAM,0.8795504224929515
1,Baltic Sea,7935Q,Rana dalmatina,10.5,GAM,0.811055049321717
1,Baltic Sea,446DR,Monocorophium insidiosum,10.5,GAM,0.803075217828344
1,Baltic Sea,36PZC,Dipolydora quadrilobata,6,GAM,0.8129016153156308
1,Baltic Sea,5XQWG,Chelicorophium curvispinum,6,GAM,0.45423117883252706
1,Baltic Sea,M8HY,Boccardiella ligerica,4.5,GAM,0.8728774832419679
1,Baltic Sea,3JBV8,Halichoerus grypus,0,GAM,0.8848909917166766
1,Baltic Sea,RWQ5H,Plagioselmis prolonga,0,GAM,0.854565356221338
1,Baltic Sea,NFDLC,Dinobryon faculiferum,0,GAM,0.8337643006328814
1,Baltic Sea,9GQWD,Palaemon elegans,0,GAM,0.8198813970544203
1,Baltic Sea,TPF2X,Vertebrata fucoides,0,GAM,0.7859160743120325
1,Baltic Sea,MPMVS,Ceramium tenuicorne,0,GAM,0.7134882383870139
1,Baltic Sea,TB5V,Chaetoceros lorenzianus,0,GAM,0.6942041032740041
1,Baltic Sea,NFCHP,Ectocarpus siliculosus,0,GAM,0.6800938423286247
1,Baltic Sea,6R5XM,Marenzelleria neglecta,0,GAM,0.6466923768243782
1,Baltic Sea,SSYB,Cercopagis pengoi,0,GAM,0.6285568684601811
1,Baltic Sea,3DGBC,Evadne anonyx,0,GAM,0.5776621278770158
1,Baltic Sea,T8WJW,Thalassiosira nordenskioeldii,0,GAM,0.5507598570305325
1,Baltic Sea,4NQJ3,Pseudocalanus elongatus,0,GAM,0.4942342641117761
1,Baltic Sea,6B28S,Coregonus maraena,0,GAM,0.25289912882241455
3,North Sea,7WLRT,Procambarus clarkii,31.5,GAM,1.3592212587310497
3,North Sea,4RF6D,Rangia cuneata,31.5,GAM,1.356528629078752
3,North Sea,4L669,Polydora websteri,31.5,GAM,1.2917846274097544
3,North Sea,L26KD,Hemigrapsus sanguineus,31.5,GAM,1.2447847466535744
3,North Sea,75CW4,Ostrea edulis,31.5,GAM,1.2300904910217911
3,North Sea,NFCHP,Ectocarpus siliculosus,31.5,GAM,1.2236178738343075
3,North Sea,358C6,Diadumene lineata,31.5,GAM,1.1958646903993335
3,North Sea,7C6PW,Thecacera pennigera,31.5,GAM,1.1827047534804493
3,North Sea,3KP8C,Hemigrapsus takanoi,31.5,GAM,1.1590346245193224
3,North Sea,N4VRP,Codium fragile,31.5,GAM,1.1509332892115458
3,North Sea,4FDSH,Petricolaria pholadiformis,31.5,GAM,1.1296977136299649
3,North Sea,PGHVY,Fucus distichus,31.5,GAM,1.0887064779506792
3,North Sea,M9Y66,Caulacanthus okamurae,31.5,GAM,1.0797691418670974
3,North Sea,9GQWD,Palaemon elegans,31.5,GAM,1.0775837247305617
3,North Sea,6RVDM,Necora puber,31.5,GAM,1.0772150420444329
3,North Sea,QJMH2,Megabalanus tintinnabulum,31.5,GAM,1.074911776070417
3,North Sea,MPMVS,Ceramium tenuicorne,31.5,GAM,1.0631665312186653
3,North Sea,3ZTFD,Mercenaria mercenaria,31.5,GAM,1.0582990926253506
3,North Sea,RRT64,Polysiphonia senticulosa,31.5,GAM,1.0445414863544382
3,North Sea,PGJ56,Fucus evanescens,31.5,GAM,1.0353511587988564
3,North Sea,44RHY,Mya arenaria,31.5,GAM,1.031920393747032
3,North Sea,3VNQM,Littorina obtusata,31.5,GAM,1.0203202555468502
3,North Sea,M8HX,Boccardiella hamata,31.5,decision rules,
3,North Sea,R48N,Carcinus maenas,29.5,GAM,1.0073577183439222
3,North Sea,ML9NC,Chondria coerulescens,29,GAM,
3,North Sea,L9NW8,Alexandrium tamarense,27,GAM,
3,North Sea,B3YKX,Pagurus longicarpus,26.5,decision rules,
3,North Sea,MMQ75,Balanus glandula,23.5,decision rules,
3,North Sea,L97ZS,Agardhiella subulata,22.5,GAM,1.1400172789613616
3,North Sea,RZPNM,Porphyra umbilicalis,22.5,GAM,0.9639183607512806
3,North Sea,6HVS2,Ficopomatus enigmaticus,22.5,GAM,0.9153176905951553
3,North Sea,PGMCT,Fucus serratus,22.5,GAM,0.8886072900323503
3,North Sea,TVBX,Chelon labrosus,22.5,GAM,0.8506336403374721
3,North Sea,4YF8Y,Sparus aurata,22.5,GAM,0.8286449837622715
3,North Sea,3BT78,Euchone incolor,22.5,decision rules,
3,North Sea,MPNZ,Botrylloides violaceus,19.5,GAM,1.14097390842106
3,North Sea,VL8MP,Melanothamnus harveyi,19.5,GAM,1.071316480572627
3,North Sea,Q76B,Calyptraea chinensis,19.5,GAM,1.0629272255196471
3,North Sea,MPMSH,Ceramium sungminbooi,19.5,decision rules,
3,North Sea,BSQH5,Watersipora subatra,18.5,decision rules,
3,North Sea,446DR,Monocorophium insidiosum,18,GAM,0.9292224346654306
3,North Sea,564M4,Tharyx killariensis,18,GAM,0.7886342203107746
3,North Sea,46FZP,Neodexiospira brasiliensis,17.5,decision rules,
3,North Sea,6GNYR,Ericthonius didymus,17.5,decision rules,
3,North Sea,LQ348,Asparagopsis armata,16.5,GAM,0.9248886514319855
3,North Sea,P6PPT,Gelidium vagum,15.5,GAM,1.5151701913082916
3,North Sea,TC9N,Chaetogammarus ischnus,15.5,decision rules,
3,North Sea,7RH6D,Haminella solitaria,15,GAM,3.986155379399309
3,North Sea,3HRQS,Gymnodinium catenatum,15,GAM,
3,North Sea,66DTZ,Ammothea hilgendorfi,13.5,GAM,1.1495485719053558
3,North Sea,L9NRY,Alexandrium minutum,13.5,GAM,
3,North Sea,79WZK,Schizoporella japonica,13,decision rules,
3,North Sea,3K4QF,Heleobia charruana,11.5,GAM,1.1734258503223272
3,North Sea,6MSH5,Ianiropsis serricaudis,11.5,decision rules,
3,North Sea,7DYQT,Urosalpinx cinerea,10.5,GAM,1.0072783528251534
3,North Sea,TB3ZV,Stephanopyxis turris,10.5,GAM,1.0060164258015865
3,North Sea,MR4G,Bougainvillia muscus,10.5,GAM,1.0003213441219825
3,North Sea,5387D,Styela clava,10.5,GAM,0.9905984102338675
3,North Sea,3NHYZ,Hymeniacidon perlevis,10.5,GAM,0.9881501910695362
3,North Sea,3JBV8,Halichoerus grypus,10.5,GAM,0.9749395233439136
3,North Sea,42Z4T,Micromesistius poutassou,10.5,GAM,0.9699884367242152
3,North Sea,LSKVH,Austrominius modestus,10.5,GAM,0.9664366572057362
3,North Sea,B29V,Agonus cataphractus,10.5,GAM,0.9471526930585237
3,North Sea,PHYYY,Halosiphon tomentosus,10.5,GAM,0.9395849188660408
3,North Sea,688WN,Atherina boyeri,10.5,GAM,0.9361902219504614
3,North Sea,4L63D,Polydora cornuta,10.5,GAM,0.9316975668296718
3,North Sea,T8WJW,Thalassiosira nordenskioeldii,10.5,GAM,0.9307449398145731
3,North Sea,MPMK,Botrylloides diegensis,10.5,GAM,0.9288008399633114
3,North Sea,RVKDP,Pronoctiluca pelagica,10.5,GAM,0.9047285184652128
3,North Sea,PS2Z,Calliostoma zizyphinum,10.5,GAM,0.9006188730651044
3,North Sea,33HRJ,Cyprinus carpio,10.5,GAM,0.8982523231294801
3,North Sea,TRJJ4,Undaria pinnatifida,10.5,GAM,0.8973293163631416
3,North Sea,VJY5B,Lessardia elongata,10.5,GAM,0.8804609136189288
3,North Sea,65BGC,Aetea truncata,10.5,GAM,0.8758412301399582
3,North Sea,4HVTW,Pilumnus hirtellus,10.5,GAM,0.8685818431177251
3,North Sea,FNWY,Aplidium glabrum,10.5,GAM,0.8672621707567241
3,North Sea,364SQ,Dikerogammarus villosus,10.5,GAM,0.8663636199497389
3,North Sea,NPRJ,Bugula neritina,10.5,GAM,0.8585840010815714
3,North Sea,472YS,Nephtys ciliata,10.5,GAM,0.8434845004621552
3,North Sea,43VGP,Molgula manhattensis,10.5,GAM,0.8420770979856952
3,North Sea,M8HY,Boccardiella ligerica,10.5,GAM,0.8003369536489291
3,North Sea,6R5XM,Marenzelleria neglecta,10.5,GAM,0.7725955958155851
3,North Sea,GWSX,Artemisia princeps,10.5,GAM,0.7307797024907212
3,North Sea,6WGQH,Pseudopotamilla reniformis,10.5,GAM,0.6846548535673815
3,North Sea,5XNK6,Chaetoceros concavicornis,10.5,GAM,0.6670825661166669
3,North Sea,3KQ9P,Hemimysis anomala,10.5,decision rules,
3,North Sea,6YRDJ,Sinelobus vanhaareni,10.5,decision rules,
3,North Sea,5D4CT,Zeuxo holdichi,10,GAM,0.4878684853740825
3,North Sea,7935Q,Rana dalmatina,9.5,GAM,0.6123370494691371
3,North Sea,53D7D,Suberites massa,9,GAM,0.634217207076029
3,North Sea,5ZYZX,Corbicula fluminalis,8.5,GAM,0.882045594533789
3,North Sea,6MW6C,Incisocalliope aestuarius,8,GAM,0.6153748324417605
3,North Sea,48GMW,Ocinebrellus inornatus,6,GAM,0.9513842588727074
3,North Sea,BSN6,Alitta succinea,6,GAM,0.9158229108368067
3,North Sea,7CXK2,Tubificoides benedii,6,GAM,0.8885969979427115
3,North Sea,QSCF,Caprella mutica,6,GAM,0.8525752941022823
3,North Sea,TPF2X,Vertebrata fucoides,6,GAM,0.8396599101716236
3,North Sea,4VRP9,Scolelepis korsuni,6,GAM,0.8142718081050261
3,North Sea,53ML9,Syllidia armata,6,GAM,0.8100942690177405
3,North Sea,TB5V,Chaetoceros lorenzianus,6,GAM,0.7773169622086912
3,North Sea,4NQJ3,Pseudocalanus elongatus,6,GAM,0.7136042214687425
3,North Sea,5XQWG,Chelicorophium curvispinum,6,GAM,0.7028402119433406
3,North Sea,NNFVY,Dasya baillouviana,6,GAM,0.6863404780499766
3,North Sea,Q9BCD,Karenia mikimotoi,6,GAM,0.5248427193254557
3,North Sea,5CS3F,Yoldia limatula,5,GAM,1.4038320746664152
3,North Sea,RWNKZ,Prorocentrum cordatum,4.5,GAM,0.9397338138656366
3,North Sea,SHPCB,Rhizosolenia setigera,4.5,GAM,0.9288072185181115
3,North Sea,32WFN,Cyclopterus lumpus,4.5,GAM,0.9040362406916285
3,North Sea,LBG2M,Apedinella radians,4.5,GAM,0.8871141133999139
3,North Sea,MPMV,Botrylloides leachii,4.5,GAM,0.8737884609002915
3,North Sea,Q2LNR,Lennoxia faveolata,4.5,GAM,0.7698882703676373
3,North Sea,Q9CYR,Karlodinium veneficum,4.5,GAM,0.7629341562628726
3,North Sea,NFDLC,Dinobryon faculiferum,1,GAM,0.8966818630585986
3,North Sea,NW7G2,Ethmodiscus punctiger,0,GAM,0.874350947461523
3,North Sea,36PZC,Dipolydora quadrilobata,0,GAM,0.8664323522358368
3,North Sea,52X2B,Streblospio benedicti,0,GAM,0.8303052295079288
3,North Sea,59K2N,Tubularia indivisa,0,GAM,0.818409317464012
3,North Sea,4VRNP,Scolelepis bonnieri,0,GAM,0.8168213458880246
3,North Sea,RDJPC,Peridiniella danica,0,GAM,0.7317416081891789
3,North Sea,3H7P6,Grandidierella japonica,0,GAM,0.686196818312965
3,North Sea,SHPG2,Rhizosolenia styliformis,0,GAM,0.6850162333053567
3,North Sea,7Q5KP,Antiopella cristata,0,GAM,0.682847557783217
3,North Sea,4VZML,Scruparia ambigua,0,GAM,0.6444840991219731
3,North Sea,73P2T,Monocorophium sextonae,0,GAM,0.6361271618898368
3,North Sea,4347F,Microporella ciliata,0,GAM,0.6344376105505957
3,North Sea,7B8KV,Synidotea laticauda,0,GAM,0.5971534802155427
3,North Sea,PTTWN,Hobaniella longicruris,0,GAM,0.5887584976323537
3,North Sea,5YD6L,Chorizopora brongniartii,0,GAM,0.5827731364527982
3,North Sea,LWMWN,Asterionellopsis glacialis,0,GAM,0.5284991307672547
3,North Sea,36PZF,Dipolydora socialis,0,GAM,0.5079586702349438
3,North Sea,4TV6Q,Sabellaria spinulosa,0,GAM,0.4361491556927463
3,North Sea,SKMYS,Pterosperma cristatum,0,GAM,0.4130602737162662
3,North Sea,SFKBR,Pseudochattonella verruculosa,0,GAM,0.29386986335931026
3,North Sea,4NVZL,Pseudodiaptomus marinus,0,GAM,0.26431932840456623
6,Celtic-Biscay Shelf,48GMW,Ocinebrellus inornatus,31.5,GAM,1.5621017142535398
6,Celtic-Biscay Shelf,TB5V,Chaetoceros lorenzianus,31.5,GAM,1.289952023618198
6,Celtic-Biscay Shelf,L26KD,Hemigrapsus sanguineus,31.5,GAM,1.2111942200997292
6,Celtic-Biscay Shelf,YSGX,Coryphoblennius galerita,31.5,GAM,1.1530297154626283
6,Celtic-Biscay Shelf,6CY2M,Diplodus vulgaris,31.5,GAM,1.135355830597606
6,Celtic-Biscay Shelf,3HRQS,Gymnodinium catenatum,31.5,GAM,1.1279102777246415
6,Celtic-Biscay Shelf,LQ348,Asparagopsis armata,31.5,GAM,1.117914898535149
6,Celtic-Biscay Shelf,Z8ZR,Craterolophus convolvulus,31.5,GAM,1.1020438313310044
6,Celtic-Biscay Shelf,9GQWD,Palaemon elegans,31.5,GAM,1.083005662260443
6,Celtic-Biscay Shelf,7935Q,Rana dalmatina,31.5,GAM,1.068448311157916
6,Celtic-Biscay Shelf,MPMK,Botrylloides diegensis,31.5,GAM,1.064500091005113
6,Celtic-Biscay Shelf,4FDSH,Petricolaria pholadiformis,31.5,GAM,1.057508214759162
6,Celtic-Biscay Shelf,PGHVY,Fucus distichus,31.5,GAM,1.0566920610102648
6,Celtic-Biscay Shelf,MPNZ,Botrylloides violaceus,31.5,GAM,1.040189038163094
6,Celtic-Biscay Shelf,FNWY,Aplidium glabrum,31.5,GAM,1.0336813824963864
6,Celtic-Biscay Shelf,PGMCT,Fucus serratus,31.5,GAM,1.02229892493162
6,Celtic-Biscay Shelf,NPRJ,Bugula neritina,30,GAM,1.0742336083232755
6,Celtic-Biscay Shelf,3ZTFD,Mercenaria mercenaria,28,GAM,
6,Celtic-Biscay Shelf,R48N,Carcinus maenas,27.5,GAM,1.029500736736666
6,Celtic-Biscay Shelf,3T7JW,Lepadogaster candolii,26.5,GAM,1.0823629000688317
6,Celtic-Biscay Shelf,SXTX7,Sphaerococcus coronopifolius,22.5,GAM,0.9896474589695378
6,Celtic-Biscay Shelf,358C6,Diadumene lineata,22.5,GAM,0.9615935630486973
6,Celtic-Biscay Shelf,44RHY,Mya arenaria,22.5,GAM,0.947520577712013
6,Celtic-Biscay Shelf,LCHL9,Amphibalanus eburneus,21.5,decision rules,
6,Celtic-Biscay Shelf,4VRP9,Scolelepis korsuni,21,GAM,0.8067916823154418
6,Celtic-Biscay Shelf,686FK,Asterocarpa humilis,20.5,decision rules,
6,Celtic-Biscay Shelf,4RF6D,Rangia cuneata,19.5,GAM,1.3689919910351178
6,Celtic-Biscay Shelf,7C6PW,Thecacera pennigera,19.5,GAM,1.0830052536242152
6,Celtic-Biscay Shelf,75CW4,Ostrea edulis,18,GAM,0.8563845316851162
6,Celtic-Biscay Shelf,79WZK,Schizoporella japonica,17.5,decision rules,
6,Celtic-Biscay Shelf,7CWT9,Truncatella subcylindrica,16.5,GAM,0.9733403573491776
6,Celtic-Biscay Shelf,QSCF,Caprella mutica,13.5,GAM,0.9614275435145085
6,Celtic-Biscay Shelf,BSQH5,Watersipora subatra,12.5,GAM,1.0762787151840425
6,Celtic-Biscay Shelf,5D4CT,Zeuxo holdichi,12.5,decision rules,
6,Celtic-Biscay Shelf,5BV6H,Watersipora subtorquata,11.5,GAM,0.4871762520997206
6,Celtic-Biscay Shelf,33HRJ,Cyprinus carpio,10.5,GAM,0.9790771430197096
6,Celtic-Biscay Shelf,59435,Tritia neritea,10.5,GAM,0.956616599233079
6,Celtic-Biscay Shelf,MVLMW,Chthamalus stellatus,10.5,GAM,0.9518327223160227
6,Celtic-Biscay Shelf,PS2Z,Calliostoma zizyphinum,10.5,GAM,0.9248641172768568
6,Celtic-Biscay Shelf,3VNQM,Littorina obtusata,10.5,GAM,0.9111214723670202
6,Celtic-Biscay Shelf,42Z4T,Micromesistius poutassou,10.5,GAM,0.9065967166875545
6,Celtic-Biscay Shelf,6HVS2,Ficopomatus enigmaticus,10.5,GAM,0.9022322402076312
6,Celtic-Biscay Shelf,LSKVH,Austrominius modestus,10.5,GAM,0.87785643476003306
6,Celtic-Biscay Shelf,SXGX,Cereus pedunculatus,10.5,GAM,0.851282341545103
6,Celtic-Biscay Shelf,ML9NC,Chondria coerulescens,10.5,GAM,0.8092063455363511
6,Celtic-Biscay Shelf,4YF8Y,Sparus aurata,10.5,GAM,0.7941945084370462
6,Celtic-Biscay Shelf,PKB9M,Grateloupia subpectinata,10.5,GAM,0.7477111992406494
6,Celtic-Biscay Shelf,VL8MP,Melanothamnus harveyi,10.5,GAM,0.7262762678860926
6,Celtic-Biscay Shelf,66DTZ,Ammothea hilgendorfi,10.5,GAM,0.7025086752754818
6,Celtic-Biscay Shelf,3D8MS,Eusarsiella zostericola,10.5,GAM,0.6482881989788027
6,Celtic-Biscay Shelf,5CS3F,Yoldia limatula,10.5,decision rules,
6,Celtic-Biscay Shelf,7WLRT,Procambarus clarkii,9,GAM,0.8560234869692835
6,Celtic-Biscay Shelf,3NHYZ,Hymeniacidon perlevis,8,GAM,0.8346496421996047
6,Celtic-Biscay Shelf,N4VRP,Codium fragile,6.5,GAM,1.0126749485399351
6,Celtic-Biscay Shelf,4HVTW,Pilumnus hirtellus,6,GAM,0.8788651669775392
6,Celtic-Biscay Shelf,6Z55C,Solea senegalensis,6,GAM,0.8755520782041357
6,Celtic-Biscay Shelf,6RVDM,Necora puber,6,GAM,0.8264375486177689
6,Celtic-Biscay Shelf,7Q5KP,Antiopella cristata,6,GAM,0.7843141360914906
6,Celtic-Biscay Shelf,SHPCB,Rhizosolenia setigera,6,GAM,0.7423102613652831
6,Celtic-Biscay Shelf,4FS5C,Phallusia mammillata,4.5,GAM,0.9969404160369651
6,Celtic-Biscay Shelf,5387D,Styela clava,4.5,GAM,0.9181978481224449
6,Celtic-Biscay Shelf,4GRZN,Phoronis hippocrepia,4.5,GAM,0.8830092629996471
6,Celtic-Biscay Shelf,Q9BCD,Karenia mikimotoi,4.5,GAM,0.7721449803407427
6,Celtic-Biscay Shelf,3JBV8,Halichoerus grypus,3.5,GAM,0.6012798245059378
6,Celtic-Biscay Shelf,6WYS2,Sabella spallanzanii,0,GAM,0.971840549092549
6,Celtic-Biscay Shelf,ZJCF,Crisularia plumosa,0,GAM,0.8936962173383682
6,Celtic-Biscay Shelf,TVBX,Chelon labrosus,0,GAM,0.8739610822681799
6,Celtic-Biscay Shelf,32WFN,Cyclopterus lumpus,0,GAM,0.8646988756920775
6,Celtic-Biscay Shelf,43VGP,Molgula manhattensis,0,GAM,0.8109909352240815
6,Celtic-Biscay Shelf,B29V,Agonus cataphractus,0,GAM,0.8106325763036063
6,Celtic-Biscay Shelf,MPMV,Botrylloides leachii,0,GAM,0.7907690697956831
6,Celtic-Biscay Shelf,4VRNP,Scolelepis bonnieri,0,GAM,0.7671950505032873
6,Celtic-Biscay Shelf,SSBTH,Solieria chordalis,0,GAM,0.7525866144914376
6,Celtic-Biscay Shelf,73P2T,Monocorophium sextonae,0,GAM,0.7325978864787023
6,Celtic-Biscay Shelf,T8WJW,Thalassiosira nordenskioeldii,0,GAM,0.7284081195541513
6,Celtic-Biscay Shelf,M9Y66,Caulacanthus okamurae,0,GAM,0.7273719224861992
6,Celtic-Biscay Shelf,36PZC,Dipolydora quadrilobata,0,GAM,0.7134330315032262
6,Celtic-Biscay Shelf,Q76B,Calyptraea chinensis,0,GAM,0.697179766911992
6,Celtic-Biscay Shelf,7CXK2,Tubificoides benedii,0,GAM,0.6894631499630217
6,Celtic-Biscay Shelf,RZPNM,Porphyra umbilicalis,0,GAM,0.6840289316597722
6,Celtic-Biscay Shelf,TRJJ4,Undaria pinnatifida,0,GAM,0.6495413075325325
6,Celtic-Biscay Shelf,7D9J2,Tubificoides pseudogaster,0,GAM,0.6379263713467699
6,Celtic-Biscay Shelf,4L63D,Polydora cornuta,0,GAM,0.625413685071322
6,Celtic-Biscay Shelf,SHPG2,Rhizosolenia styliformis,0,GAM,0.5870521813648759
6,Celtic-Biscay Shelf,4TV6Q,Sabellaria spinulosa,0,GAM,0.5758045048584957
6,Celtic-Biscay Shelf,59K2N,Tubularia indivisa,0,GAM,0.548670814184645
6,Celtic-Biscay Shelf,7VBK3,Halisarca dujardinii,0,GAM,0.5304838817460148
6,Celtic-Biscay Shelf,4RSPZ,Reptadeonella violacea,0,GAM,0.517477374163191
6,Celtic-Biscay Shelf,RWNKZ,Prorocentrum cordatum,0,GAM,0.486457637020518
6,Celtic-Biscay Shelf,BSN6,Alitta succinea,0,GAM,0.47131052233653387
6,Celtic-Biscay Shelf,52F56,Sternaspis scutata,0,GAM,0.4303372396077058
11,Black Sea,75CW4,Ostrea edulis,31.5,GAM,1.4274268373331411
11,Black Sea,7FFK2,Vanellus spinosus,31.5,GAM,1.1962680104452579
11,Black Sea,9GQWD,Palaemon elegans,26.5,GAM,1.0600042250521249
11,Black Sea,59435,Tritia neritea,25.5,GAM,1.0742664354935805
11,Black Sea,4JJZC,Planiliza haematocheilus,22.5,GAM,0.9051770509164822
11,Black Sea,4TV6Q,Sabellaria spinulosa,19.5,decision rules,
11,Black Sea,4CMHV,Parablennius incognitus,18.5,decision rules,
11,Black Sea,4LQXH,Pomatoschistus marmoratus,15,GAM,0.9332292956685143
11,Black Sea,33HRJ,Cyprinus carpio,13.5,GAM,0.9349215145978346
11,Black Sea,44RHY,Mya arenaria,10.5,GAM,1.0044882780326272
11,Black Sea,7935Q,Rana dalmatina,10.5,GAM,0.9642995335278212
11,Black Sea,53WJY,Syngnathus abaster,10.5,GAM,0.948497757603075
11,Black Sea,Q76B,Calyptraea chinensis,10.5,GAM,0.7672767808916722
11,Black Sea,YSGX,Coryphoblennius galerita,9.5,GAM,1.1386552088435284
11,Black Sea,688WN,Atherina boyeri,4.5,GAM,0.8134681203654116
11,Black Sea,5WJTR,Beroe ovata,1.5,GAM,0.6564932295052018
13,Mediterranean Sea,7RTD2,Lamprohaminoea ovalis,31.5,GAM,2.135511210226567
13,Mediterranean Sea,TPTB,Charybdis hellerii,31.5,GAM,1.619388268125675
13,Mediterranean Sea,6GHWY,Ergalatax junionae,31.5,GAM,1.5757006888543954
13,Mediterranean Sea,6Z55C,Solea senegalensis,31.5,GAM,1.4954234822662849
13,Mediterranean Sea,35864,Diadema setosum,31.5,GAM,1.4822341472160456
13,Mediterranean Sea,4P4YV,Pseudonereis anomala,31.5,GAM,1.4798946352752689
13,Mediterranean Sea,DCJ6,Anadara transversa,31.5,GAM,1.4699700909646014
13,Mediterranean Sea,6JWF2,Gafrarium savignyi,31.5,GAM,1.4531431705202238
13,Mediterranean Sea,MVLMW,Chthamalus stellatus,31.5,GAM,1.4482998003891374
13,Mediterranean Sea,6T3K7,Opuntia elatior,31.5,GAM,1.4382394823977764
13,Mediterranean Sea,36WJ4,Distaplia bermudensis,31.5,GAM,1.347734508610408
13,Mediterranean Sea,6XX9B,Schizoporella errata,31.5,GAM,1.346635280215465
13,Mediterranean Sea,N6PH,Branchiomma luctuosum,31.5,GAM,1.3426667127656804
13,Mediterranean Sea,5BV6C,Watersipora cucullata,31.5,GAM,1.3152257439418826
13,Mediterranean Sea,4CMHV,Parablennius incognitus,31.5,GAM,1.3079488766783178
13,Mediterranean Sea,LCHL9,Amphibalanus eburneus,31.5,GAM,1.303878719834427
13,Mediterranean Sea,4JK6F,Planocera ceratommata,31.5,GAM,1.2892193705411985
13,Mediterranean Sea,6Y7Y7,Scartella cristata,31.5,GAM,1.2805965451750259
13,Mediterranean Sea,THS7,Chama pacifica,31.5,GAM,1.279866208300661
13,Mediterranean Sea,38PCQ,Ecteinascidia turbinata,31.5,GAM,1.2748051475189595
13,Mediterranean Sea,7FFK2,Vanellus spinosus,31.5,GAM,1.272990077138111
13,Mediterranean Sea,7CWT9,Truncatella subcylindrica,31.5,GAM,1.2617717730732452
13,Mediterranean Sea,YSGX,Coryphoblennius galerita,31.5,GAM,1.252652344034151
13,Mediterranean Sea,6ZBYD,Spondylus spinosus,31.5,GAM,1.2468406765383149
13,Mediterranean Sea,72PX9,Lumbrineris perkinsi,31.5,GAM,1.2291503495167921
13,Mediterranean Sea,3T7JW,Lepadogaster candolii,31.5,GAM,1.219581463796843
13,Mediterranean Sea,QJZ24,Microeuraphia depressa,31.5,GAM,1.2167052773852411
13,Mediterranean Sea,6MJMF,Hydroides dirampha,31.5,GAM,1.215248694034929
13,Mediterranean Sea,4M2PP,Portunus segnis,31.5,GAM,1.213734915605609
13,Mediterranean Sea,6YVDG,Sparisoma cretense,31.5,GAM,1.207995080043014
13,Mediterranean Sea,42Z4T,Micromesistius poutassou,31.5,GAM,1.1784035726491193
13,Mediterranean Sea,5VWXQ,Atherinomorus forskalii,31.5,GAM,1.170870425227673
13,Mediterranean Sea,4BZB9,Pagellus bellottii,31.5,GAM,1.1533920953070407
13,Mediterranean Sea,R2NP,Caranx crysos,31.5,GAM,1.151547278108929
13,Mediterranean Sea,6XMPJ,Sargocentron rubrum,31.5,GAM,1.1509510927939577
13,Mediterranean Sea,76G5K,Pempheris rhomboidea,31.5,GAM,1.1495151527827223
13,Mediterranean Sea,6G5MZ,Epinephelus coioides,31.5,GAM,1.1489194837121612
13,Mediterranean Sea,4LQXH,Pomatoschistus marmoratus,31.5,GAM,1.1468476459029815
13,Mediterranean Sea,44RHY,Mya arenaria,31.5,GAM,1.1399585382562227
13,Mediterranean Sea,SZDC,Cerithium scabridum,31.5,GAM,1.1365385152853424
13,Mediterranean Sea,5WJTR,Beroe ovata,31.5,GAM,1.1289691665881483
13,Mediterranean Sea,6XPVZ,Saurida lessepsianus,31.5,GAM,1.1246451328174727
13,Mediterranean Sea,75CY5,Ostrea stentina,31.5,GAM,1.1233044648370896
13,Mediterranean Sea,3LY4N,Himantura uarnak,31.5,GAM,1.1224356547012522
13,Mediterranean Sea,4FS5J,Phallusia nigra,31.5,GAM,1.1154787840175613
13,Mediterranean Sea,7B7ZG,Synaptula reciprocans,31.5,GAM,1.1091265840469124
13,Mediterranean Sea,9XW6F,Penaeus kerathurus,31.5,GAM,1.1074097911483662
13,Mediterranean Sea,59435,Tritia neritea,31.5,GAM,1.1010670886646572
13,Mediterranean Sea,6CY2M,Diplodus vulgaris,31.5,GAM,1.1008695392865304
13,Mediterranean Sea,688WN,Atherina boyeri,31.5,GAM,1.1001080721811038
13,Mediterranean Sea,76JN9,Pennaria disticha,31.5,GAM,1.0807860932727078
13,Mediterranean Sea,7GD2B,Zebrus zebrus,31.5,GAM,1.079372202262111
13,Mediterranean Sea,3FZJF,Gibbula ardens,31.5,GAM,1.0771841435516878
13,Mediterranean Sea,PS2Z,Calliostoma zizyphinum,31.5,GAM,1.0729350343086022
13,Mediterranean Sea,4PFGR,Pseudupeneus prayensis,31.5,GAM,1.0710894336337655
13,Mediterranean Sea,79VXT,Scarus ghobban,31.5,GAM,1.0683316320904876
13,Mediterranean Sea,MSSL,Brachidontes pharaonis,31.5,GAM,1.065157470785962
13,Mediterranean Sea,TRZ5,Cheilodipterus novemstriatus,31.5,GAM,1.0605038883767866
13,Mediterranean Sea,4JP4M,Platycephalus indicus,31.5,GAM,1.051468018611427
13,Mediterranean Sea,4YF8Y,Sparus aurata,31.5,GAM,1.0425619140252946
13,Mediterranean Sea,738Y7,Melibe viridis,31.5,GAM,1.0396802684684558
13,Mediterranean Sea,4RSPZ,Reptadeonella violacea,31.5,GAM,1.0396033741180482
13,Mediterranean Sea,LY3S,Bivetiella cancellata,31.5,GAM,1.032765308238987
13,Mediterranean Sea,TVBX,Chelon labrosus,31.5,GAM,1.0303329804345205
13,Mediterranean Sea,52CCT,Stephanolepis diaspros,31.5,GAM,1.0210492962129671
13,Mediterranean Sea,S6DTJ,Pseudo-nitzschia australis,31.5,GAM,1.0120255374429523
13,Mediterranean Sea,78LBQ,Pteragogus trispilus,27.5,GAM,1.0329020633068502
13,Mediterranean Sea,5ZYZX,Corbicula fluminalis,27,GAM,1.4787441924200546
13,Mediterranean Sea,446DR,Monocorophium insidiosum,27,GAM,0.9244616257515039
13,Mediterranean Sea,3R8JQ,Kirkegaardia dorsobranchialis,27,GAM,
13,Mediterranean Sea,4M3CW,Potamilla torelli,27,GAM,
13,Mediterranean Sea,6L2HF,Gonioinfradens giardi,26.5,decision rules,
13,Mediterranean Sea,N7ZH7,Dictyota cyanoloma,25.5,GAM,1.2504077812808783
13,Mediterranean Sea,MMNXQ,Balanus trigonus,25.5,GAM,
13,Mediterranean Sea,53R5D,Symplegma brakenhielmi,24.5,GAM,1.3703378814377805
13,Mediterranean Sea,773T8,Percnon gibbesi,24.5,GAM,1.0156548468703424
13,Mediterranean Sea,MPMV,Botrylloides leachii,23.5,decision rules,
13,Mediterranean Sea,6D7D3,Diodora ruppellii,23,decision rules,
13,Mediterranean Sea,MPMK,Botrylloides diegensis,22.5,GAM,1.2171182549741162
13,Mediterranean Sea,VFD7,Ciona robusta,22.5,GAM,1.2136762189990291
13,Mediterranean Sea,552GG,Tayuva lilacina,22.5,GAM,1.1333624799798174
13,Mediterranean Sea,J98K,Atergatis roseus,22.5,GAM,1.1306467214632792
13,Mediterranean Sea,R48N,Carcinus maenas,22.5,GAM,1.095185056685163
13,Mediterranean Sea,9GQWD,Palaemon elegans,22.5,GAM,1.046809918322425
13,Mediterranean Sea,6YMVB,Siganus luridus,22.5,GAM,1.0032288726801457
13,Mediterranean Sea,6HVS2,Ficopomatus enigmaticus,22.5,GAM,0.9926174820462312
13,Mediterranean Sea,7QHBL,Bursatella leachii,22.5,GAM,0.9814680034610382
13,Mediterranean Sea,6TDDM,Ova canalifera,22.5,GAM,0.9794470176838229
13,Mediterranean Sea,XRF9,Conomurex persicus,22.5,GAM,0.945579510615506
13,Mediterranean Sea,LQ348,Asparagopsis armata,22.5,GAM,0.8317289212717014
13,Mediterranean Sea,FNWY,Aplidium glabrum,22.5,decision rules,
13,Mediterranean Sea,3KV39,Heniochus intermedius,21,decision rules,
13,Mediterranean Sea,3YFLW,Matuta victor,20,GAM,1.0772184851707929
13,Mediterranean Sea,358C6,Diadumene lineata,20,GAM,1.03259412208782
13,Mediterranean Sea,4XPGQ,Siphonaria pectinata,19.5,GAM,1.1236410652988476
13,Mediterranean Sea,4HVTW,Pilumnus hirtellus,19.5,GAM,1.109186581048493
13,Mediterranean Sea,4KZVJ,Polyandrocarpa zorritensis,19.5,GAM,1.0749250761166982
13,Mediterranean Sea,7Q5KP,Antiopella cristata,19.5,GAM,1.0669251695261526
13,Mediterranean Sea,4FS5C,Phallusia mammillata,19.5,GAM,1.052275206040628
13,Mediterranean Sea,3KZ74,Herklotsichthys punctatus,19.5,GAM,1.0431126056817699
13,Mediterranean Sea,6BMJM,Ctenogobius boleosoma,19.5,GAM,0.687269916786012
13,Mediterranean Sea,48SD8,Odonus niger,19.5,decision rules,
13,Mediterranean Sea,7CP97,Triacanthus biaculeatus,19.5,decision rules,
13,Mediterranean Sea,92RN,Acanthurus xanthopterus,19.5,decision rules,
13,Mediterranean Sea,LY29,Biuve fulvipunctata,19.5,decision rules,
13,Mediterranean Sea,6ZMPN,Stenothoe gallensis,18.5,decision rules,
13,Mediterranean Sea,7FFDN,Vanderhorstia mertensi,18.5,decision rules,
13,Mediterranean Sea,8VC8J,Saron marmoratus,18.5,decision rules,
13,Mediterranean Sea,SDPG,Cephalopholis taeniops,18.5,decision rules,
13,Mediterranean Sea,7935Q,Rana dalmatina,18,GAM,0.814845642572064
13,Mediterranean Sea,6YN5N,Siganus rivulatus,18,GAM,0.6084854568211636
13,Mediterranean Sea,4L63Z,Polydora hoplura,17.5,decision rules,
13,Mediterranean Sea,3XNGV,Malleus regula,17,decision rules,
13,Mediterranean Sea,8L46,Ablennes hians,17,decision rules,
13,Mediterranean Sea,3QN26,Jassa slatteryi,16.5,GAM,0.9254115559950814
13,Mediterranean Sea,53873,Styela canopus,16.5,GAM,0.9187047888620259
13,Mediterranean Sea,9XW52,Penaeus aztecus,16,decision rules,
13,Mediterranean Sea,525XX,Stenothoe georgiana,15.5,decision rules,
13,Mediterranean Sea,MPNZ,Botrylloides violaceus,15,GAM,2.1728618822694297
13,Mediterranean Sea,6NBLQ,Istiblennius meleagris,15,GAM,0.9391110555035054
13,Mediterranean Sea,725YR,Leucos aula,15,decision rules,
13,Mediterranean Sea,8YV5,Acanthopagrus bifasciatus,15,decision rules,
13,Mediterranean Sea,BSN6,Alitta succinea,15,decision rules,
13,Mediterranean Sea,84MWV,Chrysaora pseudoocellata,14,decision rules,
13,Mediterranean Sea,ZJCF,Crisularia plumosa,14,decision rules,
13,Mediterranean Sea,N4VRP,Codium fragile,13.5,GAM,1.203368558042036
13,Mediterranean Sea,39NJT,Enchelycore anatina,13.5,GAM,0.9942759794622356
13,Mediterranean Sea,3P33V,Hypselodoris infucata,12.5,GAM,1.0272248526200372
13,Mediterranean Sea,TRJJ4,Undaria pinnatifida,12.5,GAM,1.0232809996546701
13,Mediterranean Sea,58N2C,Triconia umerus,12.5,decision rules,
13,Mediterranean Sea,5WVDL,Calocalanus pavoninus,12,GAM,0.9467719623554111
13,Mediterranean Sea,3F8NP,Gammogobius steinitzi,12,decision rules,
13,Mediterranean Sea,4224W,Mesochaetopterus rogeri,12,decision rules,
13,Mediterranean Sea,456PK,Myra subgranulata,11.5,decision rules,
13,Mediterranean Sea,6YJBJ,Seriola fasciata,10.5,GAM,1.0057153914557198
13,Mediterranean Sea,6J77G,Fistularia commersonii,10.5,GAM,0.9989606449227008
13,Mediterranean Sea,6G5LM,Epinephelus caninus,10.5,GAM,0.9915502981595814
13,Mediterranean Sea,5YHDK,Chromogobius zebratus,10.5,GAM,0.9843551491261783
13,Mediterranean Sea,4VTWY,Scomberomorus commerson,10.5,GAM,0.9843495462203974
13,Mediterranean Sea,4LCTF,Polyophthalmus pictus,10.5,GAM,0.9668943800357608
13,Mediterranean Sea,3JFLP,Halophila stipulacea,10.5,GAM,0.9668200186959699
13,Mediterranean Sea,6W6JT,Pomadasys incisus,10.5,GAM,0.9645845988646342
13,Mediterranean Sea,VV7H,Clavelina dellavallei,10.5,GAM,0.958902540980196
13,Mediterranean Sea,3GW52,Goniobranchus annulatus,10.5,GAM,0.9577314871019659
13,Mediterranean Sea,Q76B,Calyptraea chinensis,10.5,GAM,0.9560719306258854
13,Mediterranean Sea,77FKP,Phyllorhiza punctata,10.5,GAM,0.9345801445872356
13,Mediterranean Sea,D626,Amphistegina lobifera,10.5,GAM,0.9158114806193812
13,Mediterranean Sea,663JW,Agetus typicus,10.5,GAM,0.9149300695748636
13,Mediterranean Sea,YZCQ,Cotylorhiza erythraea,10.5,GAM,0.9051967054697405
13,Mediterranean Sea,3RX94,Lagocephalus suezensis,10.5,GAM,0.8828571753806376
13,Mediterranean Sea,4Z2LF,Sphyraena chrysotaenia,10.5,GAM,0.8816492847436348
13,Mediterranean Sea,6DHDK,Dorvillea similis,10.5,GAM,0.8611479890817965
13,Mediterranean Sea,5ZLQH,Coleusia signata,10.5,GAM,0.8524437350292698
13,Mediterranean Sea,44M44,Murex forskoehlii,10.5,GAM,0.8456932399591499
13,Mediterranean Sea,92PN,Acanthurus monroviae,10.5,GAM,0.8212998338806681
13,Mediterranean Sea,7DLS5,Upeneus moluccensis,10.5,GAM,0.8037461441857557
13,Mediterranean Sea,MB27H,Caulerpa taxifolia,10.5,GAM,0.7966661214650387
13,Mediterranean Sea,FB5F,Aphanius fasciatus,10.5,GAM,0.7949068534793449
13,Mediterranean Sea,PX2G,Calocalanus plumulosus,10.5,GAM,0.7850147884151787
13,Mediterranean Sea,6WWSX,Rissoina bertholleti,10.5,GAM,0.7680271784084771
13,Mediterranean Sea,BNXS,Alepes djedaba,10.5,GAM,0.6938497313076167
13,Mediterranean Sea,FZX4,Aquilonastra burtoni,10.5,GAM,0.6764104020199675
13,Mediterranean Sea,4CP6R,Paracerceis sculpta,10.5,GAM,0.587007889738632
13,Mediterranean Sea,3JBV8,Halichoerus grypus,10.5,decision rules,
13,Mediterranean Sea,6VWWD,Priacanthus sagittarius,10.5,decision rules,
13,Mediterranean Sea,3RX8X,Lagocephalus sceleratus,8,GAM,0.7218369913269334
13,Mediterranean Sea,4L3W7,Polycerella emertoni,7.5,GAM,0.5114262005720169
13,Mediterranean Sea,YSDX,Coryphellina rubrolineata,7.5,GAM,
13,Mediterranean Sea,SXGX,Cereus pedunculatus,6,GAM,0.9304598267844608
13,Mediterranean Sea,Z4FP,Crambe crambe,6,GAM,0.914090118321778
13,Mediterranean Sea,6WYS2,Sabella spallanzanii,6,GAM,0.8967921956065197
13,Mediterranean Sea,YNT5,Corycaeus clausi,6,GAM,0.8785701079336785
13,Mediterranean Sea,6TNVH,Paracalanus nanus,6,GAM,0.8586274527040777
13,Mediterranean Sea,6WVVY,Rhopilema nomadica,6,GAM,0.8232681056024576
13,Mediterranean Sea,4925M,Oithona plumifera,6,GAM,0.7807092704939359
13,Mediterranean Sea,7WLRT,Procambarus clarkii,6,GAM,0.770910678966948
13,Mediterranean Sea,33HRJ,Cyprinus carpio,6,GAM,0.7659555216698366
13,Mediterranean Sea,53WJY,Syngnathus abaster,6,GAM,0.7623298217602072
13,Mediterranean Sea,6K3WF,Fulvia fragilis,6,GAM,0.7606742499918218
13,Mediterranean Sea,4WR9Q,Septifer cumingii,6,GAM,0.6811383540280215
13,Mediterranean Sea,BSQH5,Watersipora subatra,6,GAM,0.6422188757045887
13,Mediterranean Sea,M9ZRK,Caulerpa prolifera,6,GAM,0.6262088258083626
13,Mediterranean Sea,7DTG3,Urocorycaeus furcifer,6,GAM,0.6185019728671513
13,Mediterranean Sea,58MZR,Triconia dentipes,6,GAM,0.5830017947070175
13,Mediterranean Sea,3NHYZ,Hymeniacidon perlevis,6,GAM,0.5789467141270904
13,Mediterranean Sea,PX2R,Calocalanus tenuis,6,GAM,0.5722680968383379
13,Mediterranean Sea,65RJW,Agetus flaccus,6,GAM,0.555586844939734
13,Mediterranean Sea,3GW5Z,Goniobranchus obsoletus,6,GAM,0.5516299723189722
13,Mediterranean Sea,7DM4K,Upeneus pori,6,GAM,0.4842641599419004
13,Mediterranean Sea,3X99P,Macrorhynchia philippina,6,GAM,0.43571737119499454
13,Mediterranean Sea,57GHQ,Torquigener flavimaculosus,4.5,GAM,0.9765946133408037
13,Mediterranean Sea,48L55,Oculina patagonica,4.5,GAM,0.9391863119839464
13,Mediterranean Sea,53ML9,Syllidia armata,4.5,GAM,0.7920074952342309
13,Mediterranean Sea,4D6PW,Paranthura japonica,4.5,GAM,0.7816510421857871
13,Mediterranean Sea,6YMS7,Sigambra parva,4.5,GAM,0.6596863062280349
13,Mediterranean Sea,CFJXC,Calocalanus pavo,4.5,GAM,
13,Mediterranean Sea,TLVD,Champsodon nudivittis,4.5,GAM,
13,Mediterranean Sea,49FLG,Oncaea mediterranea,3.5,GAM,0.8468057350626071
13,Mediterranean Sea,75SSX,Parupeneus forsskali,2,GAM,1.054242897416013
13,Mediterranean Sea,3GQ9Z,Gobius xanthocephalus,0,GAM,0.9235821625147486
13,Mediterranean Sea,3256V,Ctenocalanus vanus,0,GAM,0.9046915294380053
13,Mediterranean Sea,NPRJ,Bugula neritina,0,GAM,0.8548720925560974
13,Mediterranean Sea,6RVDM,Necora puber,0,GAM,0.8347349234243279
13,Mediterranean Sea,75CW4,Ostrea edulis,0,GAM,0.8270941409422515
13,Mediterranean Sea,4GRZN,Phoronis hippocrepia,0,GAM,0.7415537706956861
13,Mediterranean Sea,4XDQP,Sillago suezensis,0,GAM,0.7372526000450056
13,Mediterranean Sea,6WTNK,Rhinoclavis kochi,0,GAM,0.7251276241311879
13,Mediterranean Sea,4PWV4,Pterois miles,0,GAM,0.7151120167407425
13,Mediterranean Sea,FT9T,Apogonichthyoides pharaonis,0,GAM,0.6752740945428073
13,Mediterranean Sea,52F56,Sternaspis scutata,0,GAM,0.6544545794579703
13,Mediterranean Sea,3DJK6,Exaiptasia diaphana,0,GAM,0.6541652464771334
13,Mediterranean Sea,4LQMJ,Pomadasys stridens,0,GAM,0.6352744604636085
13,Mediterranean Sea,6RMTQ,Mobula mobular,0,GAM,0.6084010067976283
13,Mediterranean Sea,3KYK3,Herdmania momus,0,GAM,0.5985987523134716
13,Mediterranean Sea,SXTX7,Sphaerococcus coronopifolius,0,GAM,0.5903835509239576
13,Mediterranean Sea,3Y7LV,Marivagia stellata,0,GAM,0.5818106078242089
13,Mediterranean Sea,783MS,Plotosus lineatus,0,GAM,0.5751932348594782
13,Mediterranean Sea,6F5ZX,Elysia ornata,0,GAM,0.5610094917363203
13,Mediterranean Sea,3HRQS,Gymnodinium catenatum,0,GAM,0.5048843884009477
13,Mediterranean Sea,53D7D,Suberites massa,0,GAM,0.4903915286724943
13,Mediterranean Sea,46829,Nemipterus randalli,0,GAM,0.4690524959031925
13,Mediterranean Sea,6J6V6,Fistularia petimba,0,GAM,0.3961786887292927
13,Mediterranean Sea,34D2F,Decapterus russelli,0,GAM,0.34923032850609853
14,Iberian Coastal,TRJJ4,Undaria pinnatifida,31.5,GAM,1.4331657488857024
14,Iberian Coastal,6W6JT,Pomadasys incisus,31.5,GAM,1.3351059750088063
14,Iberian Coastal,44RHY,Mya arenaria,31.5,GAM,1.2873293860543378
14,Iberian Coastal,Q76B,Calyptraea chinensis,31.5,GAM,1.2277893428137767
14,Iberian Coastal,N4VRP,Codium fragile,31.5,GAM,1.1675348340804073
14,Iberian Coastal,4XPGQ,Siphonaria pectinata,31.5,GAM,1.162040745095594
14,Iberian Coastal,9GQWD,Palaemon elegans,31.5,GAM,1.1582425193865453
14,Iberian Coastal,SXGX,Cereus pedunculatus,31.5,GAM,1.1573656649894952
14,Iberian Coastal,PS2Z,Calliostoma zizyphinum,31.5,GAM,1.1498042766430718
14,Iberian Coastal,LSKVH,Austrominius modestus,31.5,GAM,1.140567338316896
14,Iberian Coastal,59435,Tritia neritea,31.5,GAM,1.1374577358855582
14,Iberian Coastal,4GRD8,Phorcus sauciatus,31.5,GAM,1.1191259292513382
14,Iberian Coastal,PGMCT,Fucus serratus,31.5,GAM,1.0914117036223334
14,Iberian Coastal,TVBX,Chelon labrosus,31.5,GAM,1.0507041247732147
14,Iberian Coastal,36WJ4,Distaplia bermudensis,31.5,decision rules,
14,Iberian Coastal,5387D,Styela clava,28.5,GAM,1.2116360976740546
14,Iberian Coastal,5BV6H,Watersipora subtorquata,26.5,decision rules,
14,Iberian Coastal,6BVN8,Cynoscion regalis,24.5,GAM,
14,Iberian Coastal,N6PH,Branchiomma luctuosum,24,GAM,2.261033559345749
14,Iberian Coastal,3VNQM,Littorina obtusata,22.5,GAM,1.1336142022895388
14,Iberian Coastal,75CW4,Ostrea edulis,22.5,GAM,1.0036821843966108
14,Iberian Coastal,LQ348,Asparagopsis armata,22.5,GAM,0.9994955936139706
14,Iberian Coastal,6WYS2,Sabella spallanzanii,22.5,GAM,0.9809509411206209
14,Iberian Coastal,YSGX,Coryphoblennius galerita,22.5,GAM,0.9495337111411927
14,Iberian Coastal,4YF8Y,Sparus aurata,22.5,GAM,0.9126715496714963
14,Iberian Coastal,SXTX7,Sphaerococcus coronopifolius,22.5,GAM,0.8909931067594303
14,Iberian Coastal,4HVTW,Pilumnus hirtellus,22.5,GAM,0.8281902456271789
14,Iberian Coastal,7WLRT,Procambarus clarkii,22.5,GAM,0.8178588249623892
14,Iberian Coastal,N7ZH7,Dictyota cyanoloma,22.5,GAM,0.7668669217400633
14,Iberian Coastal,M9Y66,Caulacanthus okamurae,22.5,decision rules,
14,Iberian Coastal,38PCQ,Ecteinascidia turbinata,20.5,decision rules,
14,Iberian Coastal,MMNXQ,Balanus trigonus,20,decision rules,
14,Iberian Coastal,4CMHV,Parablennius incognitus,19.5,decision rules,
14,Iberian Coastal,53WJY,Syngnathus abaster,19.5,decision rules,
14,Iberian Coastal,6T3K7,Opuntia elatior,19.5,decision rules,
14,Iberian Coastal,MPMK,Botrylloides diegensis,19.5,decision rules,
14,Iberian Coastal,QSCF,Caprella mutica,19.5,decision rules,
14,Iberian Coastal,NPRJ,Bugula neritina,18.5,decision rules,
14,Iberian Coastal,M9ZRK,Caulerpa prolifera,18,GAM,1.2619247350322675
14,Iberian Coastal,3JBV8,Halichoerus grypus,17.5,GAM,0.8767603981168021
14,Iberian Coastal,7CWT9,Truncatella subcylindrica,17.5,decision rules,
14,Iberian Coastal,K7PV,Baccharis spicata,17.5,decision rules,
14,Iberian Coastal,34TT2,Dentex canariensis,15,GAM,0.038037803389434854
14,Iberian Coastal,Z4FP,Crambe crambe,14,decision rules,
14,Iberian Coastal,R48N,Carcinus maenas,13.5,GAM,1.0013283975656009
14,Iberian Coastal,4GRZN,Phoronis hippocrepia,12,decision rules,
14,Iberian Coastal,42Z4T,Micromesistius poutassou,10.5,GAM,0.9020266099805081
14,Iberian Coastal,6RVDM,Necora puber,10.5,GAM,0.8656046314233178
14,Iberian Coastal,7Q5KP,Antiopella cristata,10.5,GAM,0.8573576082395591
14,Iberian Coastal,ML9NC,Chondria coerulescens,10.5,GAM,0.7973818081855609
14,Iberian Coastal,4FS5C,Phallusia mammillata,10.5,GAM,0.7464226564179842
14,Iberian Coastal,6HVS2,Ficopomatus enigmaticus,10.5,GAM,0.6503773872184412
14,Iberian Coastal,VFD7,Ciona robusta,10.5,decision rules,
14,Iberian Coastal,S6DTJ,Pseudo-nitzschia australis,7.5,GAM,0.7737410272425375
14,Iberian Coastal,M9Y6S,Caulacanthus ustulatus,6,GAM,0.737377097793911
14,Iberian Coastal,3KP8C,Hemigrapsus takanoi,6,GAM,0.6427869581853428
14,Iberian Coastal,7935Q,Rana dalmatina,6,GAM,0.6117571858901929
14,Iberian Coastal,33HRJ,Cyprinus carpio,6,GAM,0.5975250017798305
14,Iberian Coastal,9XW6F,Penaeus kerathurus,6,GAM,0.5951534593702942
14,Iberian Coastal,3T7JW,Lepadogaster candolii,6,GAM,0.5867309536753579
14,Iberian Coastal,3GQ9Z,Gobius xanthocephalus,6,GAM,0.5569162586512634
14,Iberian Coastal,MVLMW,Chthamalus stellatus,6,GAM,0.5391671890067468
14,Iberian Coastal,6Z55C,Solea senegalensis,6,GAM,0.505155509240031
14,Iberian Coastal,5D2L9,Zenopsis conchifer,4.5,GAM,0.7842526628972436
14,Iberian Coastal,6CY2M,Diplodus vulgaris,3.5,GAM,0.74579451053629
14,Iberian Coastal,4Z2GH,Sphoeroides pachygaster,3.5,GAM,0.6346670393106923
50,Faroe Plateau,42Z4T,Micromesistius poutassou,21,decision rules,
50,Faroe Plateau,32WFN,Cyclopterus lumpus,17.5,decision rules,
50,Faroe Plateau,R48N,Carcinus maenas,14.5,decision rules,
50,Faroe Plateau,3JBV8,Halichoerus grypus,10.5,GAM,0.8253754315288394
53,Norwegian Sea,564M4,Tharyx killariensis,31.5,GAM,1.3300436830144449
53,Norwegian Sea,PS2Z,Calliostoma zizyphinum,31.5,GAM,1.2186698455585734
53,Norwegian Sea,R48N,Carcinus maenas,31.5,GAM,1.1932336141743747
53,Norwegian Sea,B29V,Agonus cataphractus,31.5,GAM,1.1505403316611
53,Norwegian Sea,PGHVY,Fucus distichus,31.5,GAM,1.0966562217028297
53,Norwegian Sea,SHPCB,Rhizosolenia setigera,31.5,GAM,1.0502811275611998
53,Norwegian Sea,42Z4T,Micromesistius poutassou,30.5,GAM,0.9894941075849477
53,Norwegian Sea,LBG2M,Apedinella radians,27,GAM,
53,Norwegian Sea,52F56,Sternaspis scutata,27,decision rules,
53,Norwegian Sea,PHYYY,Halosiphon tomentosus,23,decision rules,
53,Norwegian Sea,44RHY,Mya arenaria,22.5,GAM,1.0750204188169479
53,Norwegian Sea,36PZC,Dipolydora quadrilobata,22.5,GAM,0.9852156272558583
53,Norwegian Sea,Q9CYR,Karlodinium veneficum,21,GAM,
53,Norwegian Sea,3BT78,Euchone incolor,21,decision rules,
53,Norwegian Sea,3JBV8,Halichoerus grypus,19.5,GAM,1.0201702718478793
53,Norwegian Sea,65BGC,Aetea truncata,19.5,decision rules,
53,Norwegian Sea,79WZK,Schizoporella japonica,17.5,decision rules,
53,Norwegian Sea,RWNKZ,Prorocentrum cordatum,17.5,decision rules,
53,Norwegian Sea,RVKDP,Pronoctiluca pelagica,16,decision rules,
53,Norwegian Sea,VJY5B,Lessardia elongata,16,decision rules,
53,Norwegian Sea,L9NRY,Alexandrium minutum,15,decision rules,
53,Norwegian Sea,TPF2X,Vertebrata fucoides,13.5,GAM,0.8768590420497542
53,Norwegian Sea,4VZML,Scruparia ambigua,12.5,decision rules,
53,Norwegian Sea,4VRP9,Scolelepis korsuni,10.5,GAM,0.9584513029929924
53,Norwegian Sea,36PZF,Dipolydora socialis,10.5,GAM,0.9421306077519962
53,Norwegian Sea,RZPNM,Porphyra umbilicalis,10.5,GAM,0.9356711852611512
53,Norwegian Sea,59K2N,Tubularia indivisa,10.5,GAM,0.9247554777891972
53,Norwegian Sea,9GQWD,Palaemon elegans,10.5,GAM,0.9190404425873353
53,Norwegian Sea,32WFN,Cyclopterus lumpus,10.5,GAM,0.9102714925862042
53,Norwegian Sea,6WGQH,Pseudopotamilla reniformis,10.5,GAM,0.8201227834737455
53,Norwegian Sea,75CW4,Ostrea edulis,10.5,GAM,0.525981155653575
53,Norwegian Sea,NFCHP,Ectocarpus siliculosus,10.5,decision rules,
53,Norwegian Sea,L9NW8,Alexandrium tamarense,9,GAM,0.742186629846062
53,Norwegian Sea,Q9BCD,Karenia mikimotoi,8,GAM,0.6128814794827128
53,Norwegian Sea,53ML9,Syllidia armata,4.5,GAM,0.7901883006425993
53,Norwegian Sea,7CXK2,Tubificoides benedii,2,GAM,1.0141905246769052
53,Norwegian Sea,N4VRP,Codium fragile,0,GAM,0.913086993289476
53,Norwegian Sea,3VNQM,Littorina obtusata,0,GAM,0.8058064497368974
53,Norwegian Sea,T8WJW,Thalassiosira nordenskioeldii,0,GAM,0.7018576818452565
53,Norwegian Sea,472YS,Nephtys ciliata,0,GAM,0.6982168693785072
53,Norwegian Sea,PGMCT,Fucus serratus,0,GAM,0.5886926386322601
53,Norwegian Sea,QSCF,Caprella mutica,0,GAM,0.36502695374268995
54,Barents Sea,T8WJW,Thalassiosira nordenskioeldii,31.5,GAM,1.6381944397734878
54,Barents Sea,472YS,Nephtys ciliata,31.5,GAM,1.2507005769973567
54,Barents Sea,PGMCT,Fucus serratus,31.5,GAM,1.2221437109952855
54,Barents Sea,LWMWN,Asterionellopsis glacialis,31.5,GAM,1.195089562739235
54,Barents Sea,PHYYY,Halosiphon tomentosus,31.5,GAM,1.1762920099685377
54,Barents Sea,RZPNM,Porphyra umbilicalis,31.5,GAM,1.1728352664279493
54,Barents Sea,NFCHP,Ectocarpus siliculosus,31.5,GAM,1.162790320687766
54,Barents Sea,3JBV8,Halichoerus grypus,31.5,GAM,1.154285807642691
54,Barents Sea,42Z4T,Micromesistius poutassou,31.5,GAM,1.1486589959117177
54,Barents Sea,44RHY,Mya arenaria,31.5,GAM,1.1253942383815423
54,Barents Sea,PGJ56,Fucus evanescens,31.5,GAM,1.0708034066117695
54,Barents Sea,7CXK2,Tubificoides benedii,31.5,GAM,1.0360779406531362
54,Barents Sea,32WFN,Cyclopterus lumpus,31.5,GAM,1.0273188456882485
54,Barents Sea,36PZC,Dipolydora quadrilobata,31.5,GAM,1.0260471311671535
54,Barents Sea,59K2N,Tubularia indivisa,28,GAM,
54,Barents Sea,R48N,Carcinus maenas,26.5,GAM,1.0591612261733652
54,Barents Sea,3VNQM,Littorina obtusata,22.5,GAM,0.9904228918121059
54,Barents Sea,3BT78,Euchone incolor,21,decision rules,
54,Barents Sea,B29V,Agonus cataphractus,21,decision rules,
54,Barents Sea,L9NRY,Alexandrium minutum,21,decision rules,
54,Barents Sea,PGHVY,Fucus distichus,15,GAM,
54,Barents Sea,MV9KS,Coscinodiscus wailesii,14.5,decision rules,
54,Barents Sea,53ML9,Syllidia armata,14,decision rules,
54,Barents Sea,4VRP9,Scolelepis korsuni,13.5,GAM,0.9080757536345254
54,Barents Sea,B3JCD,Paralithodes camtschaticus,13,GAM,
54,Barents Sea,LBG2M,Apedinella radians,11.5,decision rules,
54,Barents Sea,N4VRP,Codium fragile,10.5,GAM,0.8705384755034226
54,Barents Sea,564M4,Tharyx killariensis,10.5,GAM,0.8219331966328532
54,Barents Sea,SKMYS,Pterosperma cristatum,10.5,GAM,0.7985920422808066
54,Barents Sea,6WGQH,Pseudopotamilla reniformis,10.5,GAM,0.6373809426666248
54,Barents Sea,TB5V,Chaetoceros lorenzianus,10.5,decision rules,
54,Barents Sea,QSCF,Caprella mutica,2.5,GAM,0.6985308740523644
54,Barents Sea,VJY5B,Lessardia elongata,0,GAM,0.6943155476831196
54,Barents Sea,SHPCB,Rhizosolenia setigera,0,GAM,0.6674518508981743
54,Barents Sea,NFDLC,Dinobryon faculiferum,0,GAM,0.6330253115651098
54,Barents Sea,SHPG2,Rhizosolenia styliformis,0,GAM,0.6107488456652825
54,Barents Sea,36PZF,Dipolydora socialis,0,GAM,0.5808449200897181
54,Barents Sea,RVKDP,Pronoctiluca pelagica,0,GAM,0.5484273182701855
54,Barents Sea,RWNKZ,Prorocentrum cordatum,0,GAM,0.4576284832325851
54,Barents Sea,Q9BCD,Karenia mikimotoi,0,GAM,0.27780624022625766
54,Barents Sea,Q9CYR,Karlodinium veneficum,0,GAM,0.25551620609359016
54,Barents Sea,5XNK6,Chaetoceros concavicornis,0,GAM,0.24588340100167136
